Survived,Pclass,Sex,Fare,Embarked,Deck,Relatives,Isalone,Title,Age_Class,Age_Pclass,FarePerPerson
0,3,1,1,2,9,1,0,1,3,9,0
1,1,0,4,0,3,1,0,3,6,6,2
1,3,0,2,2,9,0,1,2,4,12,2
1,1,0,4,2,3,1,0,3,6,6,2
0,3,1,2,2,9,0,1,1,6,18,2
0,3,1,2,1,9,0,1,1,6,18,2
0,1,1,4,2,5,0,1,1,7,7,4
0,3,1,3,2,9,4,0,4,1,3,0
1,3,0,2,2,9,2,0,3,4,12,0
1,2,0,3,0,9,1,0,3,2,4,1
1,3,0,3,2,7,2,0,2,1,3,1
1,1,0,3,2,3,0,1,2,7,7,3
0,3,1,2,2,9,0,1,1,3,9,2
0,3,1,4,2,9,6,0,1,6,18,0
0,3,0,1,2,9,0,1,2,2,6,1
1,2,0,3,2,9,0,1,3,7,14,3
0,3,1,3,1,9,5,0,4,1,3,0
1,2,1,2,2,9,0,1,1,6,12,2
0,3,0,3,2,9,1,0,3,5,15,1
1,3,0,1,0,9,0,1,3,6,18,1
0,2,1,3,2,9,0,1,1,6,12,3
1,2,1,2,2,4,0,1,1,6,12,2
1,3,0,2,1,9,0,1,2,2,6,2
1,1,1,4,2,1,0,1,1,5,5,4
0,3,0,3,2,9,4,0,2,1,3,0
1,3,0,4,2,9,6,0,3,6,18,0
0,3,1,1,0,9,0,1,1,4,12,1
0,1,1,6,2,3,5,0,1,3,3,1
1,3,0,1,1,9,0,1,2,4,12,1
0,3,1,1,2,9,0,1,1,3,9,1
0,1,1,3,0,9,0,1,5,6,6,3
1,1,0,5,0,2,1,0,3,5,5,2
1,3,0,1,1,9,0,1,2,2,6,1
0,2,1,2,2,9,0,1,1,7,14,2
0,1,1,4,0,9,1,0,1,5,5,2
0,1,1,4,2,9,1,0,1,7,7,2
1,3,1,1,0,9,0,1,1,6,18,1
0,3,1,2,2,9,0,1,1,3,9,2
0,3,0,3,2,9,2,0,2,2,6,1
1,3,0,2,0,9,1,0,2,2,6,1
0,3,0,2,2,9,1,0,3,6,18,1
0,2,0,3,2,9,1,0,3,4,8,1
0,3,1,1,0,9,0,1,1,6,18,1
1,2,0,4,0,9,3,0,2,1,2,1
1,3,0,1,1,9,0,1,2,3,9,1
0,3,1,2,2,9,0,1,1,5,15,2
0,3,1,3,1,9,1,0,1,6,18,1
1,3,0,1,1,9,0,1,2,3,9,1
0,3,1,3,0,9,2,0,1,6,18,1
0,3,0,3,2,9,1,0,3,2,6,1
0,3,1,4,2,9,5,0,4,1,3,0
0,3,1,1,2,9,0,1,1,3,9,1
1,1,0,4,0,4,1,0,3,7,7,2
1,2,0,3,2,9,1,0,3,5,10,1
0,1,1,4,0,2,1,0,1,7,7,2
1,1,1,4,2,3,0,1,1,6,6,4
1,2,0,2,2,9,0,1,2,3,6,2
0,3,1,1,0,9,0,1,1,5,15,1
1,2,0,3,2,9,3,0,2,1,2,0
0,3,1,4,2,9,7,0,4,1,3,0
0,3,1,1,0,9,0,1,1,3,9,1
1,1,0,4,2,2,0,1,2,6,6,4
0,1,1,4,2,3,1,0,1,7,7,2
0,3,1,3,2,9,5,0,4,1,3,0
0,1,1,3,0,9,0,1,1,6,6,3
1,3,1,3,0,9,2,0,4,4,12,1
1,2,0,2,2,6,0,1,3,5,10,2
0,3,1,2,2,9,0,1,1,3,9,2
1,3,0,2,2,9,6,0,2,2,6,0
0,3,1,2,2,9,2,0,1,4,12,0
0,2,1,2,2,9,0,1,1,5,10,2
0,3,0,4,2,9,7,0,2,2,6,0
0,2,1,4,2,9,0,1,1,3,6,4
0,3,1,3,0,9,1,0,1,4,12,1
1,3,1,4,2,9,0,1,1,5,15,4
0,3,1,1,2,6,0,1,1,4,12,1
0,3,1,1,2,9,0,1,1,5,15,1
0,3,1,2,2,9,0,1,1,5,15,2
1,2,1,3,2,9,2,0,4,5,10,1
1,3,0,2,2,9,0,1,2,5,15,2
0,3,1,2,2,9,0,1,1,3,9,2
1,3,1,2,2,9,0,1,1,5,15,2
1,3,0,1,1,9,0,1,2,4,12,1
0,1,1,4,2,9,0,1,1,5,5,4
1,2,0,2,2,9,0,1,2,2,4,2
1,3,0,3,2,9,3,0,3,5,15,0
0,3,1,4,2,9,4,0,1,2,6,0
0,3,1,2,2,9,0,1,1,6,18,2
1,1,0,6,2,3,5,0,2,4,4,1
0,3,1,2,2,9,0,1,1,4,12,2
0,3,1,2,2,9,0,1,1,5,15,2
0,3,1,1,2,9,0,1,1,3,9,1
0,1,1,4,2,5,1,0,1,7,7,2
0,3,1,3,2,9,3,0,1,4,12,0
0,3,1,1,2,9,0,1,1,7,21,1
0,3,1,2,2,9,0,1,1,3,9,2
0,1,1,4,0,1,0,1,1,8,8,4
1,1,1,4,0,4,1,0,1,4,4,2
1,2,0,3,2,9,1,0,3,6,12,1
0,2,1,3,2,9,1,0,1,6,12,1
0,3,0,1,2,9,0,1,2,5,15,1
0,3,1,1,2,9,0,1,1,4,12,1
0,1,1,4,2,4,1,0,1,3,3,2
0,3,1,2,2,9,0,1,1,5,15,2
0,3,1,2,2,9,2,0,1,6,18,0
0,3,1,1,2,9,0,1,1,5,15,1
1,3,0,1,2,9,0,1,2,3,9,1
1,3,1,1,2,9,0,1,1,2,6,1
0,3,1,1,2,9,0,1,1,6,18,1
1,3,0,3,1,9,1,0,2,6,18,1
0,1,1,4,2,3,0,1,1,7,7,4
0,3,0,3,0,9,1,0,2,2,6,1
0,3,1,2,2,9,0,1,1,3,9,2
0,3,0,2,2,9,1,0,2,3,9,1
0,3,0,3,0,9,0,1,2,2,6,3
0,3,1,2,2,9,0,1,1,3,9,2
0,3,1,1,1,9,0,1,1,8,24,1
0,2,1,3,2,9,1,0,1,5,10,1
0,1,1,5,0,2,1,0,1,4,4,2
0,3,0,4,2,9,6,0,2,1,3,0
0,2,1,4,2,9,2,0,1,3,6,1
0,3,1,2,2,9,0,1,1,3,9,2
0,2,1,3,0,9,1,0,1,5,10,1
1,2,0,2,2,5,0,1,2,5,10,2
0,1,1,4,2,4,1,0,1,7,7,2
1,3,1,2,0,9,1,0,4,2,6,1
0,3,1,1,1,9,0,1,1,4,12,1
1,3,1,1,2,9,0,1,1,4,12,1
1,3,0,3,0,6,2,0,2,6,18,1
0,3,1,1,2,9,0,1,1,7,21,1
0,3,1,1,0,9,0,1,1,5,15,1
0,3,1,1,2,9,0,1,1,3,9,1
0,3,0,3,2,9,1,0,3,7,21,1
1,2,0,3,2,9,1,0,3,5,10,1
0,2,1,2,2,9,0,1,1,4,8,2
0,2,1,3,0,9,0,1,1,4,8,3
1,1,0,3,2,4,2,0,2,3,3,1
0,1,1,4,2,3,1,0,1,6,6,2
0,3,1,2,2,9,0,1,1,2,6,2
0,1,1,4,0,2,0,1,1,4,4,4
0,3,0,3,0,9,2,0,3,6,18,1
1,3,0,1,2,9,0,1,2,3,9,1
1,3,0,3,2,9,1,0,3,4,12,1
0,3,1,1,1,9,0,1,1,3,9,1
0,2,1,2,2,9,0,1,1,2,4,2
0,2,1,4,2,9,2,0,1,3,6,1
1,3,1,1,2,9,0,1,1,4,12,1
0,3,0,4,2,9,4,0,2,1,3,0
0,2,1,3,2,6,2,0,1,6,12,1
0,2,1,2,2,9,0,1,5,7,14,2
0,2,1,2,2,9,0,1,5,7,14,2
1,1,0,4,2,3,1,0,3,3,3,2
0,3,1,2,2,9,0,1,1,7,21,2
0,3,1,3,2,9,2,0,1,6,18,1
0,3,1,1,2,9,0,1,1,4,12,1
0,1,1,4,0,9,1,0,1,7,7,2
1,3,0,1,1,9,0,1,2,2,6,1
0,3,1,2,2,9,0,1,1,5,15,2
0,3,1,2,2,9,0,1,1,4,12,2
0,3,1,4,2,9,10,0,4,5,15,0
0,3,1,3,2,9,1,0,1,7,21,1
1,2,0,3,2,9,0,1,3,6,12,3
0,3,1,1,2,9,0,1,1,4,12,1
0,3,1,2,2,9,0,1,1,2,6,2
0,3,1,4,2,9,5,0,4,1,3,0
1,3,1,3,2,9,2,0,4,1,3,1
1,1,0,4,2,5,1,0,3,6,6,2
0,3,0,3,2,9,5,0,3,7,21,0
0,1,1,3,2,9,0,1,1,6,6,3
0,3,1,4,2,9,0,1,1,5,15,4
0,1,1,4,2,2,0,1,1,7,7,4
0,3,1,3,1,9,5,0,4,1,3,0
1,3,0,2,2,9,2,0,2,1,3,0
0,3,1,2,2,9,0,1,1,3,9,2
0,1,1,3,0,1,0,1,1,7,7,3
0,3,1,1,2,9,2,0,1,2,6,0
0,3,1,3,2,9,4,0,4,3,9,0
0,1,0,3,0,3,0,1,2,7,7,3
0,2,1,2,2,9,0,1,1,5,10,2
0,3,1,1,2,9,0,1,1,6,18,1
0,3,0,4,2,9,10,0,2,7,21,0
0,2,1,3,0,9,0,1,1,4,8,3
0,3,1,4,2,9,6,0,4,1,3,0
1,2,1,4,2,6,3,0,4,1,2,1
1,3,0,3,2,9,2,0,2,1,3,1
0,1,1,4,2,1,0,1,1,5,5,4
1,3,0,3,1,9,1,0,3,4,12,1
1,1,1,3,2,9,0,1,1,7,7,3
0,3,1,3,1,9,2,0,1,6,18,1
0,3,1,1,2,9,0,1,1,6,18,1
1,2,0,2,2,9,0,1,3,5,10,2
0,2,1,2,2,9,0,1,1,3,6,2
1,3,0,1,2,9,1,0,2,3,9,0
1,2,1,3,2,6,2,0,4,1,2,1
1,1,0,3,0,2,0,1,3,7,7,3
1,1,0,5,0,2,0,1,2,7,7,5
0,3,1,1,1,9,0,1,1,6,18,1
0,3,1,2,2,9,1,0,1,7,21,1
1,3,0,1,1,9,0,1,2,2,6,1
0,2,0,2,2,9,0,1,2,4,8,2
0,3,1,2,2,9,0,1,1,5,15,2
0,3,1,4,2,9,10,0,1,3,9,0
0,3,1,1,2,9,0,1,1,6,18,1
0,3,1,1,0,9,0,1,1,7,21,1
1,3,1,2,2,9,0,1,1,2,6,2
0,3,0,2,2,7,1,0,2,1,3,1
0,3,1,3,2,9,1,0,1,5,15,1
1,3,1,3,0,9,0,1,1,4,12,3
1,3,0,1,1,9,0,1,2,2,6,1
1,1,1,3,0,1,0,1,1,6,6,3
0,3,1,1,2,9,0,1,1,4,12,1
1,2,0,3,2,9,0,1,2,6,12,3
0,3,1,1,2,9,0,1,1,3,9,1
0,2,1,2,2,9,0,1,1,5,10,2
0,3,1,1,1,9,1,0,1,3,9,0
1,1,0,5,0,4,1,0,2,5,5,2
1,3,0,2,2,9,0,1,2,4,12,2
0,2,1,3,2,9,1,0,1,7,14,1
1,1,0,4,0,4,0,1,2,5,5,4
0,2,1,2,2,9,0,1,1,5,10,2
1,3,1,2,2,9,0,1,1,2,6,2
0,2,1,2,2,9,0,1,1,4,8,2
0,3,1,2,2,9,0,1,1,7,21,2
0,3,1,1,2,9,0,1,1,3,9,1
1,1,1,4,2,3,1,0,1,6,6,2
0,3,1,2,2,9,0,1,1,3,9,2
1,2,1,2,2,9,0,1,1,3,6,2
0,3,1,1,2,9,0,1,1,3,9,1
0,2,1,2,2,9,0,1,1,2,4,2
0,3,0,3,2,9,4,0,2,4,12,0
1,1,0,4,2,3,1,0,3,6,6,2
0,3,1,1,2,9,0,1,1,5,15,1
0,2,1,2,2,9,0,1,1,7,14,2
1,3,0,4,2,9,6,0,2,1,3,0
0,2,1,2,2,9,0,1,1,4,8,2
0,3,0,1,2,9,0,1,2,6,18,1
0,2,1,3,2,9,1,0,1,7,14,1
1,2,0,3,2,9,2,0,2,1,2,1
0,2,1,2,2,9,0,1,1,3,6,2
0,2,1,2,2,9,0,1,1,5,10,2
0,3,0,3,0,9,1,0,2,5,15,1
1,3,0,3,1,9,1,0,2,6,18,1
0,2,1,2,2,9,0,1,1,5,10,2
0,3,1,1,2,9,0,1,1,3,9,1
0,3,1,1,0,9,0,1,1,5,15,1
0,1,1,4,1,3,2,0,5,7,7,1
0,3,0,1,2,9,0,1,2,4,12,1
1,2,0,3,2,9,2,0,3,4,8,1
1,1,1,4,2,4,2,0,1,6,6,1
0,2,1,3,2,9,1,0,5,7,14,1
0,3,1,1,2,9,0,1,1,5,15,1
0,3,0,2,2,7,2,0,3,5,15,0
0,1,1,3,2,3,0,1,1,7,7,3
0,3,1,3,2,9,1,0,1,5,15,1
0,3,0,3,2,9,2,0,3,7,21,1
1,3,0,3,0,9,2,0,3,5,15,1
1,1,0,4,0,9,0,1,3,6,6,4
1,1,0,4,2,2,0,1,2,5,5,4
1,1,0,6,0,9,0,1,2,6,6,6
1,2,0,3,2,9,1,0,3,7,14,1
0,3,1,1,1,9,0,1,1,5,15,1
1,3,1,4,2,9,6,0,4,1,3,0
0,1,1,4,2,5,2,0,1,7,7,1
0,1,1,1,2,2,0,1,1,6,6,1
0,3,0,1,1,9,0,1,2,2,6,1
0,2,1,2,2,9,0,1,1,6,12,2
0,3,1,4,2,9,5,0,1,2,6,0
1,3,1,1,2,9,1,0,1,4,12,0
1,1,0,5,2,3,1,0,3,7,7,2
1,1,0,5,2,3,0,1,2,6,6,5
0,1,1,3,2,9,0,1,1,3,3,3
1,3,1,1,2,9,0,1,1,4,12,1
1,2,0,3,2,9,1,0,3,7,14,1
0,1,1,3,0,3,1,0,1,6,6,1
1,3,0,1,1,9,0,1,2,7,21,1
1,1,0,4,2,4,1,0,2,7,7,2
0,3,0,1,2,9,0,1,2,7,21,1
0,2,1,1,2,9,0,1,1,3,6,1
0,3,1,3,1,9,5,0,4,1,3,0
1,3,0,3,2,9,2,0,3,6,18,1
0,3,1,1,1,9,0,1,1,7,21,1
0,3,1,1,2,9,0,1,1,5,15,1
0,3,1,2,2,9,0,1,1,2,6,2
1,3,1,2,2,9,0,1,1,3,9,2
0,1,1,3,2,1,0,1,1,5,5,3
0,3,1,2,0,9,0,1,1,5,15,2
1,3,1,2,2,9,0,1,1,5,15,2
0,3,1,1,2,9,0,1,1,3,9,1
1,2,1,2,2,9,0,1,1,7,14,2
1,3,0,1,1,9,0,1,2,3,9,1
1,1,0,4,2,9,0,1,2,4,4,4
1,1,0,4,0,2,1,0,3,3,3,2
0,2,1,2,0,4,0,1,1,6,12,2
0,3,0,2,2,9,0,1,2,4,12,2
0,3,1,1,2,9,0,1,1,4,12,1
0,1,1,3,0,9,0,1,1,4,4,3
0,3,1,1,0,9,0,1,1,4,12,1
0,1,0,5,2,3,3,0,2,1,1,1
1,1,1,3,2,3,0,1,1,5,5,3
1,1,0,5,0,2,1,0,3,7,7,2
1,3,0,1,1,9,0,1,2,6,18,1
1,3,1,3,1,9,2,0,1,7,21,1
0,3,1,1,2,9,0,1,1,3,9,1
1,2,0,2,1,5,0,1,2,5,10,2
0,3,1,2,2,9,0,1,1,6,18,2
1,1,1,5,2,3,3,0,4,5,5,1
1,1,0,5,0,9,0,1,2,5,5,5
1,1,0,5,0,3,1,0,3,2,2,2
0,2,1,3,0,9,1,0,1,5,10,1
1,1,0,4,0,5,0,1,2,5,5,4
1,1,0,4,0,3,0,1,2,4,4,4
1,1,0,6,0,2,4,0,2,2,2,1
0,2,0,3,2,9,2,0,3,4,8,1
0,3,1,1,2,9,0,1,1,5,15,1
0,2,1,3,2,9,2,0,1,7,14,1
1,3,0,1,2,9,0,1,2,4,12,1
1,2,0,3,2,9,1,0,3,4,8,1
0,2,1,2,2,9,0,1,5,7,14,2
1,1,0,5,2,3,2,0,2,5,5,1
1,1,0,5,0,5,2,0,3,6,6,1
0,3,1,1,2,9,0,1,1,3,9,1
0,3,1,1,2,9,0,1,1,4,12,1
1,2,0,2,1,9,0,1,2,5,10,2
1,2,0,3,2,9,2,0,3,3,6,1
0,3,1,4,2,9,10,0,1,5,15,0
1,1,0,5,0,3,0,1,2,6,6,5
0,3,1,1,2,9,0,1,1,7,21,1
1,2,0,2,2,4,0,1,3,6,12,2
1,3,0,3,2,9,2,0,3,5,15,1
1,1,0,4,0,2,1,0,2,2,2,2
1,3,0,3,1,9,2,0,2,5,15,1
0,1,1,3,2,3,0,1,1,7,7,3
0,1,1,5,2,3,1,0,1,6,6,2
0,3,1,3,2,9,2,0,1,2,6,1
1,1,0,5,2,9,1,0,3,5,5,2
0,3,1,1,2,9,0,1,1,7,21,1
0,1,1,4,2,3,1,0,1,5,5,2
1,1,0,5,0,5,0,1,2,7,7,5
1,3,1,2,2,9,0,1,1,7,21,2
0,1,1,4,2,8,0,1,1,7,7,4
1,2,1,3,2,6,2,0,4,1,2,1
1,1,0,6,2,3,5,0,2,4,4,1
0,2,1,2,2,9,0,1,1,5,10,2
0,2,1,2,2,9,0,1,1,4,8,2
0,2,1,2,2,9,0,1,1,6,12,2
1,2,0,2,2,6,0,1,2,4,8,2
1,2,0,2,2,9,0,1,2,6,12,2
1,3,0,3,2,9,1,0,3,2,6,1
1,3,1,3,2,9,2,0,4,1,3,1
0,3,1,2,2,9,0,1,1,7,21,2
0,3,1,2,2,9,0,1,1,4,12,2
0,1,1,4,2,3,0,1,1,5,5,4
0,3,1,1,0,9,2,0,1,2,6,0
0,3,1,3,2,9,1,0,1,4,12,1
0,3,1,1,0,9,0,1,1,6,18,1
0,3,1,2,2,9,0,1,1,5,15,2
1,1,0,4,2,5,1,0,2,3,3,2
0,2,0,2,2,9,0,1,2,6,12,2
1,3,0,1,1,9,0,1,2,5,15,1
1,3,0,1,1,9,0,1,2,7,21,1
0,3,1,3,2,9,5,0,1,6,18,0
0,2,1,3,0,9,1,0,1,5,10,1
0,3,0,3,0,9,1,0,3,7,21,1
0,3,1,1,2,9,0,1,1,6,18,1
0,3,1,3,1,9,1,0,1,6,18,1
0,3,1,1,2,9,0,1,1,5,15,1
1,1,0,4,0,4,1,0,3,7,7,2
1,3,0,1,0,9,0,1,3,2,6,1
1,3,0,1,1,9,0,1,2,5,15,1
1,1,0,4,0,2,0,1,3,4,4,4
1,1,1,4,0,5,1,0,1,4,4,2
0,3,1,1,2,9,1,0,1,2,6,0
0,3,1,2,2,9,0,1,1,3,9,2
0,1,1,5,0,9,0,1,1,3,3,5
0,3,0,3,2,9,4,0,2,1,3,0
1,1,0,4,0,9,1,0,3,7,7,2
1,3,0,1,2,9,0,1,2,3,9,1
0,1,1,5,0,3,2,0,1,4,4,1
0,3,1,1,0,9,0,1,1,3,9,1
0,3,1,1,2,9,0,1,1,3,9,1
1,1,0,5,0,9,0,1,2,7,7,5
1,3,0,3,0,9,2,0,2,1,3,1
0,3,1,2,2,9,0,1,1,5,15,2
1,1,0,4,2,9,1,0,3,6,6,2
0,3,1,1,2,9,0,1,1,6,18,1
0,2,1,4,2,9,0,1,1,2,4,4
0,3,1,4,2,9,7,0,4,1,3,0
1,2,0,2,2,9,0,1,2,6,12,2
0,3,1,1,1,9,0,1,1,4,12,1
1,2,0,2,0,9,0,1,2,2,4,2
1,1,1,5,2,2,3,0,1,6,6,1
1,3,1,1,2,9,0,1,1,3,9,1
0,3,1,2,2,9,2,0,1,5,15,0
1,1,0,5,0,4,1,0,2,4,4,2
1,3,0,3,2,7,2,0,3,4,12,1
0,3,1,1,2,9,0,1,1,3,9,1
0,3,0,1,2,9,0,1,2,5,15,1
0,2,1,3,2,9,0,1,1,7,14,3
0,2,1,2,2,9,0,1,5,4,8,2
1,2,0,2,2,9,0,1,3,5,10,2
1,3,1,2,2,9,0,1,1,6,18,2
0,3,1,2,2,9,0,1,1,4,12,2
0,3,0,2,2,9,1,0,2,3,9,1
0,3,1,3,2,9,1,0,1,5,15,1
0,3,0,2,2,9,0,1,2,3,9,2
0,2,1,3,2,9,1,0,1,6,12,1
0,3,1,1,2,9,0,1,1,7,21,1
1,2,1,3,2,9,2,0,4,1,2,1
0,3,1,1,2,9,0,1,1,3,9,1
0,3,0,3,2,9,4,0,2,4,12,0
0,3,1,1,2,9,0,1,1,3,9,1
0,3,1,1,1,9,0,1,1,5,15,1
1,1,0,4,1,3,1,0,2,5,5,2
0,2,1,1,2,9,0,1,1,6,12,1
1,3,1,2,2,9,0,1,1,7,21,2
0,3,0,2,2,9,0,1,3,5,15,2
1,2,0,4,2,9,2,0,3,6,12,1
1,2,0,2,2,9,2,0,2,2,4,0
0,2,1,2,2,9,0,1,1,5,10,2
0,3,0,3,2,9,2,0,2,1,3,1
0,3,1,1,0,9,0,1,1,3,9,1
0,3,1,1,1,9,0,1,1,3,9,1
0,3,1,1,2,9,0,1,1,5,15,1
0,3,0,2,2,9,2,0,3,5,15,0
0,3,1,3,2,9,2,0,1,2,6,1
0,3,1,1,2,9,0,1,1,6,18,1
1,2,0,3,2,9,1,0,3,5,10,1
1,2,0,3,2,9,0,1,2,3,6,3
0,3,1,1,1,9,0,1,1,2,6,1
1,3,1,2,2,5,0,1,1,5,15,2
1,1,1,3,2,3,0,1,1,5,5,3
1,3,0,3,2,9,1,0,3,2,6,1
1,2,0,3,2,9,1,0,3,7,14,1
0,3,1,1,2,9,0,1,1,2,6,1
0,1,1,4,2,5,1,0,1,7,7,2
1,1,0,5,2,2,3,0,2,2,2,1
0,3,0,4,2,9,4,0,2,3,9,0
1,2,0,3,2,9,5,0,3,4,8,0
0,1,1,6,2,3,5,0,1,7,7,1
0,2,1,2,2,9,0,1,1,5,10,2
1,2,0,3,2,9,2,0,3,7,14,1
0,3,1,2,2,9,0,1,1,3,9,2
0,3,1,1,2,9,1,0,1,4,12,0
1,2,0,2,2,9,0,1,2,5,10,2
1,3,1,2,2,9,0,1,1,6,18,2
1,1,1,4,2,1,2,0,4,1,1,1
1,2,0,3,2,9,1,0,2,2,4,1
1,1,1,3,2,9,0,1,1,6,6,3
1,3,0,3,0,9,3,0,2,1,3,0
1,1,1,3,2,3,0,1,5,7,7,3
0,2,1,3,2,9,3,0,1,6,12,0
0,3,1,3,2,9,1,0,1,6,18,1
0,1,1,3,0,3,0,1,1,5,5,3
1,1,1,4,0,3,1,0,1,7,7,2
0,3,1,2,2,9,0,1,1,3,9,2
1,3,1,1,0,9,0,1,1,5,15,1
0,1,1,3,2,5,0,1,1,7,7,3
1,1,0,4,2,4,1,0,3,2,2,2
1,2,0,2,2,9,0,1,2,7,14,2
0,3,1,1,1,9,0,1,1,5,15,1
1,1,1,3,2,5,0,1,1,7,7,3
0,3,1,2,2,9,0,1,1,6,18,2
0,1,1,4,2,5,0,1,1,7,7,4
0,2,1,2,2,9,0,1,1,7,14,2
0,3,1,2,2,9,0,1,1,3,9,2
0,3,1,1,2,9,0,1,1,6,18,1
0,2,1,1,2,9,0,1,1,6,12,1
0,1,1,3,2,9,0,1,1,7,7,3
0,3,1,1,1,9,0,1,1,3,9,1
1,3,0,3,0,9,3,0,2,5,15,0
0,3,1,1,2,9,0,1,1,6,18,1
0,3,1,2,2,9,0,1,1,6,18,2
1,2,0,3,2,9,3,0,3,5,10,0
1,2,0,2,0,4,0,1,3,4,8,2
0,3,0,2,2,9,0,1,2,3,9,2
0,1,1,4,2,1,0,1,1,4,4,4
0,2,1,3,2,9,1,0,1,6,12,1
0,3,1,1,2,9,1,0,1,5,15,0
0,3,1,1,2,9,0,1,1,3,9,1
1,3,0,2,2,9,1,0,2,1,3,1
0,3,1,4,2,9,7,0,4,1,3,0
0,2,1,1,2,9,0,1,1,7,14,1
0,3,1,2,2,9,0,1,1,7,21,2
1,3,0,2,2,9,0,1,3,7,21,2
1,1,1,4,0,2,1,0,1,4,4,2
0,3,0,3,2,9,4,0,2,6,18,0
1,1,0,4,2,3,1,0,3,6,6,2
0,1,1,3,0,2,0,1,1,7,7,3
0,3,1,2,2,9,0,1,1,5,15,2
1,3,1,3,2,9,2,0,4,1,3,1
0,3,1,3,2,9,1,0,1,5,15,1
0,3,1,1,2,9,0,1,1,3,9,1
0,1,1,3,2,3,0,1,1,7,7,3
0,1,1,4,0,9,0,1,1,8,8,4
0,3,1,2,2,9,0,1,1,3,9,2
0,3,1,3,0,9,0,1,1,5,15,3
1,1,0,4,0,4,1,0,2,7,7,2
0,3,1,3,2,9,0,1,1,5,15,3
0,1,0,5,2,3,3,0,3,4,4,1
0,3,1,1,2,9,0,1,1,4,12,1
0,3,1,2,2,9,0,1,1,2,6,2
0,3,0,1,1,9,0,1,2,3,9,1
0,3,0,1,1,9,0,1,2,4,12,1
0,3,0,2,2,9,0,1,2,6,18,2
1,1,0,4,2,2,0,1,2,2,2,4
0,1,1,5,0,3,1,0,1,2,2,2
1,2,0,3,2,9,2,0,3,5,10,1
1,1,1,3,2,9,0,1,1,6,6,3
0,3,1,3,2,9,0,1,1,5,15,3
1,3,1,4,2,9,0,1,1,4,12,4
1,3,1,1,1,9,0,1,1,5,15,1
0,3,1,2,2,9,0,1,1,6,18,2
1,1,1,3,2,5,0,1,1,6,6,3
1,1,0,4,0,9,1,0,3,7,7,2
0,3,1,1,2,9,0,1,1,4,12,1
0,1,1,4,2,4,0,1,1,7,7,4
1,2,0,2,2,6,0,1,3,6,12,2
0,3,1,3,1,9,0,1,1,3,9,3
1,2,0,3,2,9,1,0,3,6,12,1
0,3,1,1,2,9,0,1,1,5,15,1
1,1,0,4,2,2,0,1,2,5,5,4
0,3,1,1,2,9,0,1,1,3,9,1
0,3,1,1,0,9,0,1,1,4,12,1
1,1,0,4,0,2,1,0,3,7,7,2
0,3,1,1,0,9,0,1,1,4,12,1
0,3,1,1,1,9,0,1,1,6,18,1
1,2,0,2,2,9,0,1,2,7,14,2
0,1,1,5,2,3,0,1,1,3,3,5
0,3,1,2,2,9,0,1,1,6,18,2
0,2,1,2,2,9,3,0,1,4,8,0
1,2,0,3,2,9,2,0,2,1,2,1
0,3,1,1,0,9,0,1,1,7,21,1
0,3,1,1,0,9,2,0,1,2,6,0
1,3,0,3,0,9,2,0,3,2,6,1
0,3,0,2,2,9,0,1,2,5,15,2
1,2,0,3,2,9,2,0,2,1,2,1
0,1,1,3,2,2,0,1,5,7,7,3
1,1,0,5,0,9,0,1,2,5,5,5
0,3,1,3,2,9,0,1,1,2,6,3
1,1,0,4,0,2,2,0,2,3,3,1
1,1,0,4,2,2,2,0,2,6,6,1
0,3,0,4,2,9,6,0,2,1,3,0
0,3,0,4,2,9,6,0,2,1,3,0
1,2,1,3,2,9,1,0,1,5,10,1
0,1,1,5,0,3,1,0,1,7,7,2
0,1,1,3,2,9,0,1,1,7,7,3
1,2,0,3,2,9,1,0,3,3,6,1
1,2,1,2,0,9,0,1,1,6,12,2
0,3,1,3,2,9,2,0,1,5,15,1
1,2,1,4,2,9,2,0,4,1,2,1
1,1,1,5,0,3,2,0,1,2,2,1
0,2,1,3,2,9,0,1,1,4,8,3
0,3,1,1,1,9,0,1,1,7,21,1
1,3,1,1,0,9,0,1,1,3,9,1
1,3,0,1,2,9,0,1,2,3,9,1
0,1,1,3,2,9,0,1,1,7,7,3
1,1,0,4,0,1,1,0,5,7,7,2
0,1,1,5,0,9,0,1,1,2,2,5
1,1,0,4,2,5,2,0,3,6,6,1
1,3,0,3,2,9,1,0,3,6,18,1
0,3,1,1,1,9,0,1,1,6,18,1
0,3,1,1,2,9,0,1,1,6,18,1
0,2,1,2,2,9,0,1,1,5,10,2
0,3,1,2,2,9,0,1,1,5,15,2
0,3,0,2,2,9,0,1,2,7,21,2
0,3,1,3,2,9,2,0,1,4,12,1
0,3,1,1,2,9,0,1,1,3,9,1
0,3,0,3,2,9,4,0,3,5,15,0
0,3,1,1,0,9,0,1,1,7,21,1
1,3,1,1,2,9,0,1,1,5,15,1
1,2,1,2,2,9,0,1,1,7,14,2
1,1,0,4,2,3,2,0,3,7,7,1
1,1,1,3,2,5,0,1,1,6,6,3
1,3,0,1,1,9,0,1,2,4,12,1
0,3,1,2,2,9,0,1,1,2,6,2
0,3,1,3,2,9,0,1,1,3,9,3
1,2,0,2,2,9,0,1,2,6,12,2
1,1,0,4,2,5,1,0,3,6,6,2
0,3,0,3,0,9,1,0,3,4,12,1
1,3,1,2,2,9,0,1,1,5,15,2
1,2,0,3,2,9,2,0,2,4,8,1
1,1,0,5,0,3,2,0,3,6,6,1
0,2,1,3,2,9,0,1,1,7,14,3
0,1,1,4,0,1,0,1,1,6,6,4
0,3,1,2,0,9,0,1,1,4,12,2
1,1,0,4,2,5,2,0,2,2,2,1
0,2,1,3,2,9,0,1,1,7,14,3
1,1,1,4,0,2,2,0,1,7,7,1
0,3,1,2,2,9,0,1,1,3,9,2
0,3,1,2,2,9,0,1,1,3,9,2
0,3,1,1,2,9,0,1,1,6,18,1
1,1,0,4,0,4,1,0,3,7,7,2
0,3,1,1,2,9,0,1,1,7,21,1
0,3,0,1,1,9,2,0,2,7,21,0
0,2,1,3,2,9,1,0,1,6,12,1
0,3,1,3,2,9,2,0,1,6,18,1
1,2,0,4,2,9,0,1,2,5,10,4
0,3,1,1,2,9,0,1,1,7,21,1
0,3,1,1,0,9,0,1,1,6,18,1
1,1,1,4,0,1,1,0,5,7,7,2
1,2,0,3,2,9,3,0,3,4,8,0
0,3,1,1,2,9,0,1,1,4,12,1
0,1,1,4,2,9,0,1,1,6,6,4
0,3,1,2,2,9,0,1,1,7,21,2
1,1,1,3,0,9,0,1,1,6,6,3
0,3,1,3,2,9,1,0,1,6,18,1
0,3,1,1,2,9,0,1,1,5,15,1
1,1,1,3,2,9,0,1,1,4,4,3
1,2,0,4,0,9,3,0,3,3,6,1
1,1,0,5,2,3,0,1,2,6,6,5
0,3,0,4,2,9,6,0,3,6,18,0
0,3,1,1,2,9,0,1,1,5,15,1
1,3,0,3,1,9,1,0,2,6,18,1
0,3,1,1,1,9,0,1,1,5,15,1
0,3,1,2,2,9,0,1,1,6,18,2
1,2,0,4,2,9,3,0,2,4,8,1
0,3,1,2,2,9,2,0,1,6,18,0
0,3,0,3,2,9,1,0,3,4,12,1
1,2,0,4,2,6,3,0,2,1,2,1
0,2,1,2,2,9,0,1,1,4,8,2
0,3,1,3,0,9,1,0,1,4,12,1
1,1,1,4,2,4,1,0,1,7,7,2
1,3,1,3,0,9,2,0,1,3,9,1
0,3,1,1,2,9,0,1,1,3,9,1
0,3,1,3,2,9,0,1,1,3,9,3
0,1,1,4,2,4,0,1,1,7,7,4
0,2,1,2,1,9,0,1,5,7,14,2
1,1,0,4,2,4,0,1,2,3,3,4
0,3,1,1,2,9,0,1,1,4,12,1
0,3,1,1,1,9,0,1,1,7,21,1
1,1,1,3,2,1,0,1,1,8,8,3
0,3,1,1,2,9,0,1,1,7,21,1
1,1,1,3,0,2,0,1,5,5,5,3
0,1,1,1,2,9,0,1,1,7,7,1
0,3,0,3,2,9,5,0,2,1,3,0
1,2,0,2,2,9,0,1,2,5,10,2
0,3,1,2,2,9,0,1,1,5,15,2
0,2,1,3,2,9,2,0,1,5,10,1
0,3,0,4,2,9,5,0,3,7,21,0
0,3,1,3,2,9,1,0,1,5,15,1
0,3,1,1,2,9,0,1,1,3,9,1
1,1,0,4,0,2,0,1,2,4,4,4
0,3,0,3,2,9,5,0,2,1,3,0
1,3,1,4,2,9,0,1,1,7,21,4
1,3,0,3,0,9,3,0,2,5,15,0
1,1,1,4,0,4,1,0,1,7,7,2
0,3,1,1,2,9,0,1,1,3,9,1
1,1,1,4,0,1,0,1,5,7,7,4
0,3,1,1,2,9,0,1,1,2,6,1
1,3,0,1,2,9,0,1,2,4,12,1
0,3,1,1,2,9,0,1,1,6,18,1
1,2,0,3,2,9,1,0,2,2,4,1
0,3,1,2,2,9,0,1,1,3,9,2
1,3,0,1,1,9,0,1,2,2,6,1
0,3,0,1,1,9,0,1,2,2,6,1
0,2,1,4,2,9,2,0,1,4,8,1
0,3,1,1,2,9,0,1,1,6,18,1
0,3,0,3,1,9,2,0,3,5,15,1
0,2,1,2,2,9,0,1,1,4,8,2
0,1,1,5,0,4,2,0,1,7,7,1
1,1,1,5,2,9,2,0,5,7,7,1
0,3,1,1,0,9,0,1,1,6,18,1
0,1,1,3,2,5,0,1,1,7,7,3
0,3,1,1,2,9,0,1,1,6,18,1
1,3,1,2,2,9,1,0,1,3,9,1
0,2,1,4,2,9,2,0,1,5,10,1
0,2,1,2,2,9,0,1,1,4,8,2
0,3,1,1,2,9,0,1,1,5,15,1
0,3,1,2,2,9,0,1,1,7,21,2
1,1,0,4,2,3,1,0,3,5,5,2
1,2,0,4,2,9,2,0,3,6,12,1
0,1,1,4,2,2,1,0,1,5,5,2
0,2,1,2,2,9,0,1,1,8,16,2
1,2,1,2,2,9,0,1,1,5,10,2
0,2,1,1,2,9,0,1,1,7,14,1
0,3,1,1,2,9,0,1,1,2,6,1
0,3,1,2,2,9,0,1,1,4,12,2
1,3,0,2,2,9,0,1,2,2,6,2
0,3,0,4,2,9,7,0,3,7,21,0
1,1,1,6,0,2,1,0,1,6,6,3
0,3,0,2,1,9,0,1,2,3,9,2
1,1,1,4,0,4,0,1,1,4,4,4
0,3,1,2,2,9,0,1,1,3,9,2
0,3,1,4,2,9,7,0,1,2,6,0
0,2,1,4,2,9,2,0,1,7,14,1
0,2,1,4,0,9,3,0,1,4,8,1
0,3,1,4,2,9,5,0,1,2,6,0
0,3,1,2,2,9,0,1,1,3,9,2
0,3,1,1,2,9,0,1,1,2,6,1
1,1,0,5,2,2,1,0,2,2,2,2
1,1,1,4,2,2,1,0,1,5,5,2
1,3,0,2,0,9,1,0,2,1,3,1
1,3,1,4,2,9,0,1,1,6,18,4
0,3,1,1,0,9,0,1,1,4,12,1
0,1,1,3,2,9,0,1,5,7,7,3
0,2,1,2,2,9,0,1,1,7,14,2
0,3,1,2,2,9,0,1,1,7,21,2
1,3,0,1,1,9,0,1,2,2,6,1
0,1,1,5,0,3,2,0,1,7,7,1
0,3,1,1,2,6,0,1,1,7,21,1
1,1,0,5,0,3,1,0,3,2,2,2
1,1,1,3,2,5,0,1,1,6,6,3
0,3,0,3,0,9,1,0,2,2,6,1
0,3,1,1,1,9,0,1,1,4,12,1
0,3,1,1,2,9,1,0,1,4,12,0
0,2,1,3,2,9,0,1,1,6,12,3
1,2,0,2,2,9,0,1,3,7,14,2
1,1,1,3,2,5,0,1,1,7,7,3
1,1,0,5,2,9,0,1,2,3,3,5
1,3,1,3,0,9,2,0,4,6,18,1
1,1,0,4,0,3,0,1,2,4,4,4
0,1,1,3,2,3,0,1,1,7,7,3
1,1,1,4,2,3,1,0,1,7,7,2
0,3,1,2,2,9,0,1,1,5,15,2
0,2,1,2,2,9,0,1,1,7,14,2
0,3,1,1,2,6,0,1,1,3,9,1
1,1,0,5,0,3,0,1,2,6,6,5
1,2,0,2,2,5,0,1,2,4,8,2
0,3,1,3,1,9,0,1,1,6,18,3
0,3,1,1,2,9,0,1,1,5,15,1
1,2,0,4,2,9,1,0,2,1,2,2
0,3,1,1,2,9,1,0,1,2,6,0
0,2,1,2,2,9,0,1,1,6,12,2
0,2,1,2,2,9,0,1,1,7,14,2
1,1,1,4,2,5,1,0,1,4,4,2
0,3,1,2,2,9,0,1,1,3,9,2
1,2,0,3,2,9,3,0,3,5,10,0
1,3,0,1,1,9,0,1,2,3,9,1
0,2,1,3,2,9,1,0,1,4,8,1
0,3,0,2,2,9,1,0,2,4,12,1
1,1,0,5,2,2,0,1,2,5,5,5
0,3,1,3,0,9,0,1,1,1,3,3
0,2,1,1,2,9,0,1,1,6,12,1
0,2,1,2,2,9,0,1,1,4,8,2
0,2,1,2,2,9,0,1,1,4,8,2
0,3,1,3,2,9,0,1,1,5,15,3
0,3,0,4,2,9,4,0,3,7,21,0
1,1,1,6,0,2,0,1,1,6,6,6
0,3,1,1,2,9,0,1,1,4,12,1
0,3,1,1,2,9,0,1,1,4,12,1
1,1,1,3,2,4,0,1,1,7,7,3
0,1,1,4,2,3,1,0,1,6,6,2
1,1,0,6,0,2,4,0,2,3,3,1
0,3,1,3,2,9,1,0,1,4,12,1
1,3,1,2,2,9,0,1,1,5,15,2
0,1,1,4,2,2,2,0,5,8,8,1
0,3,1,3,2,9,2,0,1,2,6,1
1,2,0,2,2,9,0,1,2,5,10,2
0,1,1,4,2,4,1,0,1,3,3,2
0,3,1,1,1,9,0,1,1,5,15,1
1,2,0,3,2,9,2,0,2,1,2,1
1,3,1,2,2,5,1,0,4,1,3,1
0,3,1,2,2,9,0,1,1,5,15,2
0,3,1,1,2,9,0,1,1,4,12,1
1,2,0,4,2,9,3,0,3,7,14,1
1,2,1,3,2,9,2,0,4,5,10,1
0,3,1,1,2,9,0,1,1,5,15,1
0,2,1,2,2,9,0,1,1,2,4,2
0,3,1,2,2,9,0,1,1,6,18,2
1,1,0,4,2,2,0,1,5,5,5,4
0,3,1,3,2,9,0,1,1,3,9,3
0,3,1,1,2,9,0,1,1,7,21,1
1,3,1,1,0,9,0,1,1,3,9,1
1,1,0,5,2,2,3,0,3,6,6,1
0,3,1,1,2,9,0,1,1,2,6,1
1,1,0,4,2,4,1,0,3,7,7,2
0,1,1,4,0,9,0,1,5,6,6,4
0,3,0,1,1,9,0,1,2,5,15,1
0,3,1,3,1,9,1,0,1,6,18,1
0,3,1,2,2,9,0,1,1,5,15,2
0,3,1,2,2,9,0,1,1,4,12,2
0,3,1,1,2,9,0,1,1,7,21,1
0,2,0,2,2,5,0,1,3,7,14,2
0,3,1,1,0,9,0,1,1,4,12,1
1,2,0,3,2,9,4,0,3,7,14,0
0,3,1,1,2,9,0,1,1,2,6,1
0,3,1,1,1,6,0,1,1,5,15,1
1,3,0,2,2,9,0,1,2,1,3,2
0,3,1,1,1,9,0,1,1,4,12,1
1,1,0,5,2,2,1,0,3,7,7,2
1,3,0,1,0,9,0,1,2,2,6,1
1,1,0,4,2,2,1,0,3,2,2,2
0,1,1,3,2,4,0,1,1,5,5,3
0,3,1,3,2,9,3,0,1,4,12,0
0,3,1,1,2,9,0,1,1,4,12,1
0,3,1,1,2,9,0,1,1,4,12,1
1,3,0,1,2,9,0,1,2,2,6,1
0,3,1,3,1,9,5,0,4,1,3,0
1,3,1,3,2,9,3,0,4,1,3,0
0,1,1,4,0,2,0,1,1,7,7,4
0,3,1,1,1,9,0,1,1,6,18,1
0,2,1,3,2,9,0,1,1,2,4,3
0,3,0,4,2,9,10,0,2,6,18,0
0,1,1,3,0,9,0,1,1,3,3,3
0,3,1,1,2,9,0,1,1,4,12,1
0,2,1,2,2,9,0,1,1,6,12,2
1,1,0,3,2,4,0,1,5,7,7,3
1,3,0,2,2,9,0,1,3,5,15,2
0,3,1,1,0,9,0,1,1,5,15,1
0,3,0,3,2,9,2,0,3,5,15,1
0,2,1,2,2,9,0,1,1,6,12,2
1,2,0,3,2,9,2,0,3,5,10,1
1,1,1,5,2,2,3,0,4,1,1,1
1,3,1,2,0,9,1,0,4,5,15,1
1,3,1,1,2,9,0,1,1,4,12,1
0,3,1,1,2,9,0,1,1,5,15,1
0,1,1,1,2,1,0,1,1,6,6,1
0,3,0,1,2,9,0,1,2,2,6,1
0,2,1,2,2,9,0,1,1,6,12,2
1,1,0,4,2,5,1,0,3,5,5,2
0,3,1,1,2,9,0,1,1,4,12,1
0,3,1,3,2,9,0,1,1,6,18,3
0,2,1,2,2,9,0,1,1,6,12,2
0,3,0,4,2,9,6,0,2,1,3,0
0,3,1,2,2,9,0,1,1,5,15,2
0,1,1,1,2,2,0,1,1,3,3,1
0,3,0,2,2,9,0,1,2,4,12,2
0,2,1,4,0,9,2,0,1,5,10,1
0,3,1,1,2,9,0,1,1,7,21,1
0,3,1,3,2,9,5,0,4,1,3,0
1,1,0,4,2,2,2,0,3,7,7,1
1,3,1,2,2,9,0,1,1,4,12,2
0,1,1,1,2,9,0,1,5,6,6,1
1,3,0,2,2,5,1,0,3,4,12,1
0,3,1,4,2,9,5,0,4,1,3,0
0,3,1,1,1,9,0,1,1,3,9,1
0,3,1,4,2,9,0,1,1,6,18,4
1,2,1,4,0,9,2,0,4,1,2,1
1,3,1,1,1,9,0,1,1,6,18,1
1,1,0,4,2,2,0,1,3,7,7,4
1,3,0,3,0,9,1,0,3,2,6,1
1,2,1,3,2,9,2,0,4,5,10,1
0,3,1,1,0,9,0,1,1,3,9,1
0,3,1,1,2,9,0,1,1,4,12,1
0,3,1,2,2,9,0,1,1,2,6,2
1,1,0,4,0,5,2,0,2,6,6,1
0,3,1,2,2,9,0,1,1,3,9,2
0,3,1,2,2,9,0,1,1,4,12,2
1,3,1,4,2,9,0,1,1,5,15,4
1,1,1,3,0,3,0,1,1,6,6,3
0,3,1,2,2,9,0,1,1,3,9,2
0,2,1,2,2,9,0,1,1,2,4,2
1,1,0,3,0,9,0,1,2,5,5,3
0,3,1,1,0,9,0,1,1,6,18,1
0,3,1,2,2,9,0,1,1,2,6,2
0,3,1,1,2,9,0,1,1,7,21,1
0,3,1,4,2,9,10,0,1,4,12,0
0,3,1,1,0,9,0,1,1,6,18,1
0,2,1,4,2,9,1,0,5,5,10,2
1,1,0,4,0,3,1,0,3,6,6,2
0,3,1,4,2,9,6,0,4,1,3,0
0,3,1,1,2,9,0,1,1,8,24,1
0,3,0,3,0,9,2,0,2,1,3,1
1,1,0,4,2,4,1,0,2,2,2,2
0,2,0,3,2,9,1,0,3,7,14,1
1,3,0,2,2,9,1,0,3,2,6,1
1,1,0,5,2,9,2,0,3,7,7,1
1,1,1,3,2,5,0,1,1,7,7,3
1,3,0,3,0,9,3,0,3,4,12,0
0,3,1,1,0,9,0,1,1,6,18,1
0,3,1,2,2,9,2,0,1,7,21,0
0,2,1,2,2,9,1,0,1,3,6,1
1,1,0,3,2,4,0,1,3,7,7,3
0,3,0,4,2,9,10,0,2,6,18,0
0,2,1,2,2,9,0,1,1,4,8,2
1,2,0,2,2,9,0,1,3,7,14,2
1,2,0,2,0,9,1,0,2,4,8,1
0,1,1,4,2,1,0,1,1,5,5,4
0,3,1,2,2,9,0,1,1,7,21,2
1,3,1,2,2,9,2,0,4,1,3,0
0,3,1,1,2,9,0,1,1,4,12,1
1,1,0,4,2,4,2,0,3,7,7,1
0,1,1,1,2,2,0,1,1,5,5,1
0,3,1,2,2,9,0,1,1,7,21,2
1,2,0,3,0,9,1,0,3,5,10,1
1,3,0,1,0,9,0,1,2,2,6,1
0,3,1,2,2,9,0,1,1,3,9,2
0,3,1,1,2,9,0,1,1,3,9,1
0,3,1,1,2,9,0,1,1,7,21,1
1,1,0,4,0,3,1,0,3,7,7,2
1,2,0,3,2,9,1,0,3,4,8,1
0,3,1,1,2,9,0,1,1,5,15,1
0,3,0,2,2,9,0,1,2,3,9,2
0,2,1,2,2,9,0,1,1,5,10,2
0,3,1,1,2,9,0,1,1,4,12,1
0,3,0,3,1,9,5,0,3,6,18,0
0,2,1,2,2,9,0,1,5,4,8,2
1,1,0,3,2,2,0,1,2,3,3,3
0,3,0,3,2,9,3,0,2,3,9,0
1,1,1,3,0,3,0,1,1,4,4,3
0,3,1,1,1,9,0,1,1,5,15,1
